{
    "root_group": {
        "name": "",
        "path": "",
        "id": "d41d8cd98f00b204e9800998ecf8427e",
        "groups": {},
        "checks": {}
    },
    "metrics": {
        "http_req_receiving": {
            "avg": 90.0022712850465,
            "min": 0,
            "med": 0.13146,
            "max": 2878.179747,
            "p(90)": 272.9284798,
            "p(95)": 453.92691999999994
        },
        "http_req_duration": {
            "min": 15.874678,
            "med": 2991.203953,
            "max": 60093.089127,
            "p(90)": 4180.9720968,
            "p(95)": 5401.426558699998,
            "avg": 3229.7308336025494,
            "thresholds": {
                "p(95)<2000": true
            }
        },
        "request_duration_trend": {
            "avg": 3229.7308336025494,
            "min": 15.874678,
            "med": 2991.203953,
            "max": 60093.089127,
            "p(90)": 4180.9720968,
            "p(95)": 5401.426558699998
        },
        "http_req_duration{expected_response:true}": {
            "max": 40175.604344,
            "p(90)": 4226.8063626,
            "p(95)": 5407.5408748,
            "avg": 2515.5472919918593,
            "min": 15.874678,
            "med": 2613.749695
        },
        "data_received": {
            "count": 10590654488,
            "rate": 17445603.90013429
        },
        "http_reqs": {
            "rate": 89.50408957140901,
            "count": 54335
        },
        "http_req_blocked": {
            "avg": 0.01602075893990981,
            "min": 0.001308,
            "med": 0.004503,
            "max": 94.267756,
            "p(90)": 0.00789,
            "p(95)": 0.009592599999999991
        },
        "http_req_waiting": {
            "p(90)": 4023.4649335999998,
            "p(95)": 5055.479151,
            "avg": 3139.70996319417,
            "min": 13.99994,
            "med": 2952.958854,
            "max": 60093.066284
        },
        "http_req_failed": {
            "passes": 34158,
            "fails": 20177,
            "value": 0.6286555627128002
        },
        "data_sent": {
            "count": 3809680,
            "rate": 6275.548724733698
        },
        "http_req_connecting": {
            "p(90)": 0,
            "p(95)": 0,
            "avg": 0.008959019839882211,
            "min": 0,
            "med": 0,
            "max": 94.203715
        },
        "vus_max": {
            "min": 735,
            "max": 800,
            "value": 800
        },
        "http_req_sending": {
            "p(95)": 0.02556349999999998,
            "avg": 0.018599123327505178,
            "min": 0.002878,
            "med": 0.011589,
            "max": 100.121875,
            "p(90)": 0.021288199999999997
        },
        "iteration_duration": {
            "med": 3096.238913,
            "max": 60194.130714,
            "p(90)": 4287.119309000001,
            "p(95)": 5502.1413807,
            "avg": 3332.5572278217173,
            "min": 116.675805
        },
        "request_failed_rate": {
            "passes": 34052,
            "fails": 20283,
            "thresholds": {
                "rate<0.05": true
            },
            "value": 0.6267047023097451
        },
        "iterations": {
            "count": 54335,
            "rate": 89.50408957140901
        },
        "vus": {
            "value": 7,
            "min": 0,
            "max": 800
        },
        "http_req_tls_handshaking": {
            "avg": 0,
            "min": 0,
            "med": 0,
            "max": 0,
            "p(90)": 0,
            "p(95)": 0
        }
    }
}