{
    "root_group": {
        "groups": {},
        "checks": {},
        "name": "",
        "path": "",
        "id": "d41d8cd98f00b204e9800998ecf8427e"
    },
    "metrics": {
        "http_reqs": {
            "count": 34421,
            "rate": 80.03069994353025
        },
        "http_req_failed": {
            "passes": 11353,
            "fails": 23068,
            "value": 0.3298277214491154
        },
        "data_sent": {
            "count": 2142490,
            "rate": 4981.405953400951
        },
        "request_failed_rate": {
            "passes": 2036,
            "fails": 32366,
            "thresholds": {
                "rate<0.05": true
            },
            "value": 0.05918260566246149
        },
        "http_req_sending": {
            "min": 0,
            "med": 0.026967,
            "max": 26403.293553,
            "p(90)": 0.941646,
            "p(95)": 193.128908,
            "avg": 169.58099548592415
        },
        "http_req_receiving": {
            "avg": 2768.769663224482,
            "min": 0,
            "med": 591.974857,
            "max": 47195.566592,
            "p(90)": 7150.893197,
            "p(95)": 9533.06984
        },
        "vus_max": {
            "min": 878,
            "max": 4000,
            "value": 4000
        },
        "http_req_duration{expected_response:true}": {
            "min": 17.017644,
            "med": 13102.7698695,
            "max": 75923.615465,
            "p(90)": 37478.80648169999,
            "p(95)": 46716.745350149984,
            "avg": 16334.28345310084
        },
        "vus": {
            "value": 94,
            "min": 0,
            "max": 4000
        },
        "http_req_tls_handshaking": {
            "avg": 0,
            "min": 0,
            "med": 0,
            "max": 0,
            "p(90)": 0,
            "p(95)": 0
        },
        "request_duration_trend": {
            "max": 81517.120809,
            "p(90)": 42413.3216044,
            "p(95)": 54723.9556013,
            "avg": 16638.920855841174,
            "min": 0,
            "med": 12900.704828
        },
        "http_req_duration": {
            "med": 12900.681294,
            "max": 81517.120809,
            "p(90)": 42415.081698,
            "p(95)": 54724.120221,
            "avg": 16638.630700585818,
            "min": 0,
            "thresholds": {
                "p(95)<2000": true
            }
        },
        "data_received": {
            "count": 6585112999,
            "rate": 15310746.419837007
        },
        "iterations": {
            "count": 34377,
            "rate": 79.92839754680978
        },
        "http_req_waiting": {
            "min": 0,
            "med": 9175.873123,
            "max": 81516.984014,
            "p(90)": 35328.921577,
            "p(95)": 49092.696352,
            "avg": 13700.280041875472
        },
        "iteration_duration": {
            "p(90)": 50318.29344020002,
            "p(95)": 60051.4981922,
            "avg": 23234.380918930612,
            "min": 67.915827,
            "med": 18198.206545,
            "max": 87402.107411
        },
        "http_req_blocked": {
            "avg": 945.3288186691591,
            "min": 0,
            "med": 0.00507,
            "max": 37646.305783,
            "p(90)": 2596.336414,
            "p(95)": 7150.581688
        },
        "http_req_connecting": {
            "p(95)": 5197.103525,
            "avg": 878.034412139389,
            "min": 0,
            "med": 0,
            "max": 30401.215095,
            "p(90)": 2073.327119
        }
    }
}